timestamp,video_source,sensor,usb_device_name,resolution,scaled,quality,usb_mode,protocol,tcp_nodelay,lcd_on,wifi_mode,bandwidth_mhz,rssi,capture_ts_meaning,capture_fps,encode_fps,arrival_fps,jpeg_avg_bytes,bitrate_mbps,latency_mean_ms,latency_p95_ms,latency_max_ms,latency_std_ms,encode_ms,usb_cam_inherent_latency_ms,usb_disconnect_count,cpu0_pct,cpu1_pct,free_heap,free_psram,drop_frames,udp_loss_rate,udp_incomplete_rate
1970-01-01T00:26:39,usb,0bda:1376,0bda:1376,1280x720,0,passthrough,passthrough,http,1,0,STA,20,-38,frame_arrival,16.45,16.45,0.00,43252,5.695,0.00,0.00,0.00,0.00,0.58,26.6,0,6.0,24.0,6977768,6886500,0,,
1970-01-01T00:26:51,usb,0bda:1376,0bda:1376,1280x720,0,passthrough,passthrough,ws,1,0,STA,20,-38,frame_arrival,16.50,16.50,17.00,43698,5.771,36.51,138.04,138.04,36.09,0.67,26.6,0,6.5,24.0,6972768,6886192,0,,
1970-01-01T00:27:03,usb,0bda:1376,0bda:1376,1280x720,0,passthrough,passthrough,udp,1,0,STA,20,-38,frame_arrival,16.44,16.44,18.00,43596,5.736,35.23,101.10,101.10,20.63,0.63,26.6,0,7.0,24.0,6977556,6886288,0,10.00,10.00
1970-01-01T00:27:16,usb,0bda:1376,0bda:1376,800x600,0,passthrough,passthrough,http,1,0,STA,20,-34,frame_arrival,16.56,16.56,16.00,25290,3.351,18.25,37.22,37.22,6.55,0.30,26.6,0,7.0,24.0,10573424,10486708,0,,
1970-01-01T00:27:28,usb,0bda:1376,0bda:1376,800x600,0,passthrough,passthrough,ws,1,0,STA,20,-39,frame_arrival,16.56,16.56,16.00,25381,3.364,22.55,76.05,76.05,16.05,0.29,26.6,0,7.0,24.0,10576864,10490140,0,,
1970-01-01T00:27:40,usb,0bda:1376,0bda:1376,800x600,0,passthrough,passthrough,udp,1,0,STA,20,-39,frame_arrival,16.47,16.47,16.00,25260,3.329,23.24,70.53,70.53,13.30,0.27,26.6,0,7.0,24.0,10579768,10488848,0,11.11,11.11
1970-01-01T00:27:52,usb,0bda:1376,0bda:1376,640x480,0,passthrough,passthrough,http,1,0,STA,20,-38,frame_arrival,16.64,16.64,16.00,18038,2.403,14.64,32.98,32.98,6.10,0.20,26.6,0,7.0,24.0,11920772,11834068,0,,
1970-01-01T00:28:04,usb,0bda:1376,0bda:1376,640x480,0,passthrough,passthrough,ws,1,0,STA,20,-39,frame_arrival,16.57,16.57,17.00,17907,2.375,15.63,33.17,33.17,6.53,0.22,26.6,0,7.0,24.0,11947416,11860716,0,,
1970-01-01T00:28:16,usb,0bda:1376,0bda:1376,640x480,0,passthrough,passthrough,udp,1,0,STA,20,-34,frame_arrival,16.57,16.57,18.00,17870,2.370,24.56,97.20,97.20,19.25,0.20,26.6,0,7.0,24.0,11854788,11763640,0,14.29,14.29
1970-01-01T00:28:29,usb,0bda:1376,0bda:1376,352x288,0,passthrough,passthrough,http,1,0,STA,20,-38,frame_arrival,16.68,16.68,0.00,7487,1.000,0.00,0.00,0.00,0.00,0.08,26.6,0,7.0,24.0,13616480,13529768,0,,
1970-01-01T00:28:41,usb,0bda:1376,0bda:1376,352x288,0,passthrough,passthrough,ws,1,0,STA,20,-38,frame_arrival,16.67,16.67,0.00,7559,1.009,0.00,0.00,0.00,0.00,0.07,26.6,0,7.0,24.0,13616480,13529768,0,,
1970-01-01T00:28:53,usb,0bda:1376,0bda:1376,352x288,0,passthrough,passthrough,udp,1,0,STA,20,-39,frame_arrival,16.67,16.67,18.00,7552,1.008,21.30,85.31,85.31,16.36,0.09,26.6,0,7.0,24.0,13616692,13529980,0,10.00,10.00
1970-01-01T00:29:06,usb,0bda:1376,0bda:1376,320x240,0,passthrough,passthrough,http,1,0,STA,20,-34,frame_arrival,16.68,16.68,16.00,6278,0.838,20.20,103.92,103.92,25.81,0.06,26.6,0,7.0,24.0,13794184,13707600,0,,
1970-01-01T00:29:18,usb,0bda:1376,0bda:1376,320x240,0,passthrough,passthrough,ws,1,0,STA,20,-39,frame_arrival,16.67,16.67,16.00,6227,0.831,23.91,65.90,65.90,18.16,0.07,26.6,0,7.0,24.0,13815212,13728504,0,,
1970-01-01T00:29:30,usb,0bda:1376,0bda:1376,320x240,0,passthrough,passthrough,udp,1,0,STA,20,-38,frame_arrival,16.68,16.68,20.00,6197,0.828,28.07,168.43,168.43,39.92,0.06,26.6,0,7.0,24.0,13820048,13728772,0,9.09,9.09
1970-01-01T00:29:43,usb,0bda:1376,0bda:1376,176x144,0,passthrough,passthrough,http,1,0,STA,20,-38,frame_arrival,16.58,16.58,17.00,2939,0.390,50.61,217.08,217.08,56.65,0.06,26.6,0,7.0,24.0,14231104,14144400,0,,
1970-01-01T00:29:55,usb,0bda:1376,0bda:1376,176x144,0,passthrough,passthrough,ws,1,0,STA,20,-38,frame_arrival,16.67,16.67,17.00,2965,0.396,23.93,69.74,69.74,18.18,0.06,26.6,0,7.0,24.0,14226360,14140016,0,,
1970-01-01T00:30:07,usb,0bda:1376,0bda:1376,176x144,0,passthrough,passthrough,udp,1,0,STA,20,-39,frame_arrival,16.68,16.68,20.00,2958,0.395,28.25,176.68,176.68,42.95,0.05,26.6,0,7.0,24.0,14237840,14146572,0,9.09,9.09
,usb,0bda:1376,,1280x720,,10,reencode,http,1,0,STA,,,frame_arrival,,,,,,,,,,,,,,,,,,,
1970-01-01T00:30:20,usb,0bda:1376,0bda:1376,1280x720,0,10,reencode,ws,1,0,STA,20,-34,frame_arrival,0.00,0.00,0.00,0,0.000,0.00,0.00,0.00,0.00,0.00,26.6,0,7.0,24.0,14514288,14352104,0,,
1970-01-01T00:30:32,usb,0bda:1376,0bda:1376,1280x720,0,10,reencode,udp,1,0,STA,20,-38,frame_arrival,0.00,0.00,0.00,0,0.000,0.00,0.00,0.00,0.00,0.00,26.6,0,7.0,24.0,14518780,14352160,0,,
1970-01-01T00:30:44,usb,0bda:1376,0bda:1376,1280x720,0,20,reencode,http,1,0,STA,20,-39,frame_arrival,0.00,0.00,0.00,0,0.000,0.00,0.00,0.00,0.00,0.00,26.6,0,7.0,24.0,14512052,14349996,0,,
1970-01-01T00:30:56,usb,0bda:1376,0bda:1376,1280x720,0,20,reencode,ws,1,0,STA,20,-39,frame_arrival,0.00,0.00,0.00,0,0.000,0.00,0.00,0.00,0.00,0.00,26.6,0,7.0,24.0,14507328,14349716,0,,
1970-01-01T00:31:08,usb,0bda:1376,0bda:1376,1280x720,0,20,reencode,udp,1,0,STA,20,-38,frame_arrival,0.00,0.00,0.00,0,0.000,0.00,0.00,0.00,0.00,0.00,26.6,0,7.0,24.0,6959896,6877616,0,,
1970-01-01T00:31:20,usb,0bda:1376,0bda:1376,1280x720,0,30,reencode,http,1,0,STA,20,-38,frame_arrival,0.00,0.00,0.00,0,0.000,0.00,0.00,0.00,0.00,0.00,26.6,0,7.0,24.0,14505300,14347824,0,,
1970-01-01T00:31:32,usb,0bda:1376,0bda:1376,1280x720,0,30,reencode,ws,1,0,STA,20,-34,frame_arrival,0.00,0.00,0.00,0,0.000,0.00,0.00,0.00,0.00,0.00,26.6,0,7.0,24.0,14500576,14347544,0,,
1970-01-01T00:31:44,usb,0bda:1376,0bda:1376,1280x720,0,30,reencode,udp,1,0,STA,20,-38,frame_arrival,0.00,0.00,0.00,0,0.000,0.00,0.00,0.00,0.00,0.00,26.6,0,7.0,23.0,14505284,14347808,0,,
1970-01-01T00:31:57,usb,0bda:1376,0bda:1376,800x600,0,10,reencode,http,1,0,STA,20,-34,frame_arrival,16.37,16.47,17.00,10379,1.368,53.43,80.27,80.27,7.82,40.36,26.6,0,8.0,23.4,6221820,6136036,0,,
1970-01-01T00:32:09,usb,0bda:1376,0bda:1376,800x600,0,10,reencode,ws,1,0,STA,20,-39,frame_arrival,16.17,16.17,16.00,10376,1.343,58.75,120.28,120.28,18.43,40.29,26.6,0,8.0,24.0,6224056,6138272,0,,
1970-01-01T00:32:21,usb,0bda:1376,0bda:1376,800x600,0,10,reencode,udp,1,0,STA,20,-39,frame_arrival,16.27,16.27,19.00,10375,1.351,66.64,137.92,137.92,20.08,40.10,26.6,0,8.0,24.0,6228660,6138312,0,9.52,9.52
1970-01-01T00:32:33,usb,0bda:1376,0bda:1376,800x600,0,20,reencode,http,1,0,STA,20,-39,frame_arrival,16.56,16.56,16.00,10921,1.448,64.75,131.01,131.01,21.58,40.34,26.6,0,8.0,24.0,6222160,6136376,0,,
1970-01-01T00:32:45,usb,0bda:1376,0bda:1376,800x600,0,20,reencode,ws,1,0,STA,20,-38,frame_arrival,16.47,16.47,15.00,10922,1.439,54.14,60.96,60.96,2.82,40.23,26.6,0,8.0,24.0,6224036,6138260,0,,
1970-01-01T00:32:57,usb,0bda:1376,0bda:1376,800x600,0,20,reencode,udp,1,0,STA,20,-38,frame_arrival,16.57,16.57,20.00,10904,1.446,82.84,253.30,253.30,52.39,40.09,26.6,0,8.0,24.6,6228660,6138312,0,4.76,4.76
1970-01-01T00:33:09,usb,0bda:1376,0bda:1376,800x600,0,30,reencode,http,1,0,STA,20,-39,frame_arrival,16.57,16.57,0.00,11282,1.496,0.00,0.00,0.00,0.00,40.33,26.6,0,8.0,25.0,6221940,6136156,0,,
1970-01-01T00:33:21,usb,0bda:1376,0bda:1376,800x600,0,30,reencode,ws,1,0,STA,20,-38,frame_arrival,16.47,16.47,16.00,11285,1.487,57.89,82.47,82.47,12.18,40.29,26.6,0,8.0,25.0,6224052,6138276,0,,
1970-01-01T00:33:33,usb,0bda:1376,0bda:1376,800x600,0,30,reencode,udp,1,0,STA,20,-38,frame_arrival,16.57,16.58,20.00,11288,1.497,90.22,320.31,320.31,76.12,40.10,26.6,0,8.0,25.0,6228376,6138028,0,13.04,13.04
1970-01-01T00:33:46,usb,0bda:1376,0bda:1376,640x480,0,10,reencode,http,1,0,STA,20,-38,frame_arrival,16.57,16.57,17.00,6920,0.918,40.47,49.32,49.32,4.24,26.58,26.6,0,8.0,25.0,9155692,9069936,0,,
1970-01-01T00:33:58,usb,0bda:1376,0bda:1376,640x480,0,10,reencode,ws,1,0,STA,20,-34,frame_arrival,16.58,16.58,16.00,6920,0.918,43.44,71.75,71.75,9.87,26.50,26.6,0,8.0,25.0,9168296,9082528,0,,
1970-01-01T00:34:10,usb,0bda:1376,0bda:1376,640x480,0,10,reencode,udp,1,0,STA,20,-39,frame_arrival,16.57,16.57,18.00,6920,0.918,54.84,124.06,124.06,24.25,26.36,26.6,0,8.0,25.2,9172932,9082596,0,10.00,10.00
1970-01-01T00:34:22,usb,0bda:1376,0bda:1376,640x480,0,20,reencode,http,1,0,STA,20,-38,frame_arrival,16.58,16.48,17.00,7312,0.964,52.32,122.13,122.13,22.61,26.52,26.6,0,8.0,26.0,9153900,9068136,0,,
1970-01-01T00:34:34,usb,0bda:1376,0bda:1376,640x480,0,20,reencode,ws,1,0,STA,20,-38,frame_arrival,16.58,16.58,17.00,7314,0.971,39.29,50.80,50.80,3.54,26.48,26.6,0,8.0,26.0,9168312,9082536,0,,
1970-01-01T00:34:46,usb,0bda:1376,0bda:1376,640x480,0,20,reencode,udp,1,0,STA,20,-38,frame_arrival,16.58,16.57,19.00,7318,0.971,56.45,147.69,147.69,25.46,26.30,26.6,0,8.0,26.0,9172928,9082592,0,9.52,9.52
1970-01-01T00:34:58,usb,0bda:1376,0bda:1376,640x480,0,30,reencode,http,1,0,STA,20,-39,frame_arrival,16.58,16.48,17.00,7679,1.013,42.29,57.76,57.76,5.64,26.47,26.6,0,8.0,26.0,9166392,9080628,0,,
1970-01-01T00:35:10,usb,0bda:1376,0bda:1376,640x480,0,30,reencode,ws,1,0,STA,20,-38,frame_arrival,16.57,16.57,15.00,7681,1.019,43.07,59.55,59.55,5.81,26.42,26.6,0,8.0,26.0,9168320,9082544,0,,
1970-01-01T00:35:22,usb,0bda:1376,0bda:1376,640x480,0,30,reencode,udp,1,0,STA,20,-38,frame_arrival,16.48,16.58,21.00,7680,1.019,95.42,291.27,350.76,89.63,26.37,26.6,0,8.0,26.0,9116356,9026376,0,8.70,8.70
1970-01-01T00:35:34,usb,0bda:1376,0bda:1376,352x288,0,10,reencode,http,1,0,STA,20,-38,frame_arrival,16.68,16.68,17.00,2754,0.368,22.76,33.15,33.15,3.62,10.09,26.6,0,8.0,26.0,12685320,12599544,0,,
1970-01-01T00:35:46,usb,0bda:1376,0bda:1376,352x288,0,10,reencode,ws,1,0,STA,20,-38,frame_arrival,16.68,16.68,16.00,2755,0.368,22.60,40.26,40.26,5.22,9.99,26.6,0,8.0,26.0,12691892,12606128,0,,
1970-01-01T00:35:58,usb,0bda:1376,0bda:1376,352x288,0,10,reencode,udp,1,0,STA,20,-38,frame_arrival,16.58,16.68,20.00,2759,0.368,49.52,191.60,191.60,43.91,9.84,26.6,0,8.0,26.0,12692984,12602768,0,9.09,9.09
1970-01-01T00:36:10,usb,0bda:1376,0bda:1376,352x288,0,20,reencode,http,1,0,STA,20,-38,frame_arrival,16.67,16.67,16.00,2970,0.397,32.93,96.27,96.27,19.89,10.00,26.6,0,8.0,26.0,12683748,12597972,0,,
1970-01-01T00:36:22,usb,0bda:1376,0bda:1376,352x288,0,20,reencode,ws,1,0,STA,20,-38,frame_arrival,16.67,16.67,16.00,2966,0.396,25.98,42.60,42.60,5.66,9.99,26.6,0,8.0,27.0,12691868,12606104,0,,
1970-01-01T00:36:34,usb,0bda:1376,0bda:1376,352x288,0,20,reencode,udp,1,0,STA,20,-39,frame_arrival,16.58,16.68,22.00,2968,0.396,62.68,235.92,295.79,75.47,9.77,26.6,0,8.0,27.0,12696520,12606184,0,8.33,8.33
1970-01-01T00:36:46,usb,0bda:1376,0bda:1376,352x288,0,30,reencode,http,1,0,STA,20,-38,frame_arrival,16.67,16.67,17.00,3160,0.422,27.86,74.12,74.12,14.29,10.01,26.6,0,8.0,27.0,12683752,12597976,0,,
1970-01-01T00:36:58,usb,0bda:1376,0bda:1376,352x288,0,30,reencode,ws,1,0,STA,20,-37,frame_arrival,16.67,16.67,17.00,3161,0.423,30.38,89.60,89.60,18.94,9.99,26.6,0,8.0,27.0,12691868,12606104,0,,
1970-01-01T00:37:10,usb,0bda:1376,0bda:1376,352x288,0,30,reencode,udp,1,0,STA,20,-38,frame_arrival,16.67,16.67,20.00,3164,0.423,39.76,168.72,168.72,35.68,9.84,26.6,0,8.0,27.0,12660612,12570276,0,9.09,9.09
1970-01-01T00:37:23,usb,0bda:1376,0bda:1376,320x240,0,10,reencode,http,1,0,STA,20,-38,frame_arrival,16.67,16.67,17.00,2253,0.301,21.49,34.42,34.42,4.76,8.13,26.6,0,8.0,27.0,13107812,13022020,0,,
1970-01-01T00:37:35,usb,0bda:1376,0bda:1376,320x240,0,10,reencode,ws,1,0,STA,20,-39,frame_arrival,16.68,16.68,17.00,2260,0.302,39.52,131.52,131.52,30.30,8.13,26.6,0,8.0,27.0,13087456,13001792,0,,
1970-01-01T00:37:47,usb,0bda:1376,0bda:1376,320x240,0,10,reencode,udp,1,0,STA,20,-38,frame_arrival,16.68,16.67,19.00,2260,0.302,38.56,163.15,163.15,35.17,7.91,26.6,0,8.0,27.0,13114336,13023984,0,5.00,5.00
1970-01-01T00:37:59,usb,0bda:1376,0bda:1376,320x240,0,20,reencode,http,1,0,STA,20,-34,frame_arrival,16.68,16.68,16.00,2428,0.324,28.97,92.68,92.68,19.74,8.11,26.6,0,8.0,27.0,13107540,13021868,0,,
1970-01-01T00:38:11,usb,0bda:1376,0bda:1376,320x240,0,20,reencode,ws,1,0,STA,20,-38,frame_arrival,16.68,16.68,17.00,2424,0.324,28.96,108.66,108.66,22.17,8.17,26.6,0,8.0,27.0,13109576,13024156,0,,
1970-01-01T00:38:23,usb,0bda:1376,0bda:1376,320x240,0,20,reencode,udp,1,0,STA,20,-38,frame_arrival,16.68,16.68,21.00,2430,0.324,61.16,169.98,229.78,59.11,8.00,26.6,0,8.0,27.0,13114328,13023976,0,8.70,8.70
1970-01-01T00:38:35,usb,0bda:1376,0bda:1376,320x240,0,30,reencode,http,1,0,STA,20,-35,frame_arrival,16.68,16.58,16.00,2582,0.343,27.56,106.01,106.01,25.83,8.16,26.6,0,8.0,27.0,13107816,13022024,0,,
1970-01-01T00:38:47,usb,0bda:1376,0bda:1376,320x240,0,30,reencode,ws,1,0,STA,20,-34,frame_arrival,16.67,16.67,17.00,2583,0.345,19.39,45.99,45.99,8.81,8.17,26.6,0,8.0,27.0,13109700,13023916,0,,
1970-01-01T00:38:59,usb,0bda:1376,0bda:1376,320x240,0,30,reencode,udp,1,0,STA,20,-38,frame_arrival,16.68,16.68,19.00,2586,0.346,36.52,116.40,116.40,22.44,7.94,26.6,0,8.0,27.0,13114336,13023984,0,9.52,9.52
1970-01-01T00:39:12,usb,0bda:1376,0bda:1376,176x144,0,10,reencode,http,1,0,STA,20,-37,frame_arrival,16.68,16.68,17.00,1190,0.160,12.64,28.44,28.44,6.04,4.02,26.6,0,8.0,27.0,13983968,13898212,0,,
1970-01-01T00:39:24,usb,0bda:1376,0bda:1376,176x144,0,10,reencode,ws,1,0,STA,20,-35,frame_arrival,16.68,16.68,17.00,1190,0.160,14.44,25.65,25.65,5.61,3.95,26.6,0,8.0,27.0,13962124,13876356,0,,
1970-01-01T00:39:36,usb,0bda:1376,0bda:1376,176x144,0,10,reencode,udp,1,0,STA,20,-39,frame_arrival,16.68,16.68,20.00,1190,0.160,30.90,112.98,112.98,21.04,3.75,26.6,0,8.0,27.0,13995200,13904864,0,0.00,0.00
1970-01-01T00:39:48,usb,0bda:1376,0bda:1376,176x144,0,20,reencode,http,1,0,STA,20,-38,frame_arrival,16.57,16.67,17.00,1252,0.168,20.28,74.05,74.05,17.21,3.99,26.6,0,8.0,27.0,13988668,13902904,0,,
1970-01-01T00:40:00,usb,0bda:1376,0bda:1376,176x144,0,20,reencode,ws,1,0,STA,20,-34,frame_arrival,16.67,16.67,16.00,1253,0.168,17.10,74.70,74.70,16.45,3.94,26.6,0,8.0,27.0,13990580,13904804,0,,
1970-01-01T00:40:12,usb,0bda:1376,0bda:1376,176x144,0,20,reencode,udp,1,0,STA,20,-38,frame_arrival,16.68,16.68,19.00,1254,0.168,35.86,125.85,125.85,26.04,3.81,26.6,0,8.0,27.0,13995200,13904864,0,9.52,9.52
1970-01-01T00:40:24,usb,0bda:1376,0bda:1376,176x144,0,30,reencode,http,1,0,STA,20,-38,frame_arrival,16.68,16.68,16.00,1340,0.179,43.37,82.04,82.04,12.07,3.98,26.6,0,8.0,27.0,13988664,13902900,0,,
1970-01-01T00:40:36,usb,0bda:1376,0bda:1376,176x144,0,30,reencode,ws,1,0,STA,20,-39,frame_arrival,16.67,16.67,17.00,1340,0.179,45.50,99.41,99.41,21.02,3.96,26.6,0,8.0,27.0,13984336,13898560,0,,
1970-01-01T00:40:48,usb,0bda:1376,0bda:1376,176x144,0,30,reencode,udp,1,0,STA,20,-34,frame_arrival,16.68,16.68,20.00,1340,0.179,47.33,181.27,181.27,42.63,3.73,26.6,0,8.0,27.0,13995200,13904864,0,9.09,9.09
